{
  "model": "logistic_regression",
  "roc_auc": 0.7778571428571428,
  "gini": 0.5557142857142856,
  "ks": 0.44285714285714284,
  "precision": 0.6153846153846154,
  "recall": 0.4,
  "f1": 0.48484848484848486,
  "accuracy": 0.745
}